instance	lrs_s	certgen_s	load_s	vtx_containment_s	vtx_equality_s	graph_equality_s	checker_total_s	checker_vs_lrs	verdict	date
cross3	0.40	0.00	0.000043	0.000049	0.000004	0.000007	0.000103	0.000	accepted	2026-09-09 11:31
cross6	0.02	0.00	0.000458	0.001668	0.000022	0.000182	0.002330	0.117	accepted	2026-09-09 11:31
dual_cyclic_d08_n16	0.00	0.00	0.001147	0.001895	0.000482	0.000810	0.004334	n/a	accepted	2026-09-09 11:31
poly20dim21	3.54	0.59	0.105517	0.542764	0.130665	0.170391	0.949337	0.268	accepted	2026-09-09 11:32
cube20	16.75	16.81	2.989190	10.399892	4.153940	5.146541	22.689563	1.355	accepted	2026-09-09 11:32
cube21	35.92	42.14	7.568725	23.090213	9.224270	11.965284	51.848492	1.443	accepted	2026-09-09 11:35
cube22	76.11	103.72	?	?	?	?	0.000000	0.000	REJECTED(rc=2)	2026-09-09 11:38
cube22	76.11	103.72	16.345848	39.239616	19.003695	26.630715	101.219874	1.330	accepted	2026-09-09 12:25
cross3	0.40	0.00	0.000082	0.000043	0.000003	0.000007	0.000135	0.000	accepted	2026-09-09 16:35
